client_id,name,address,contact_email,phone
1,Kendra Tucker,"USS Smith, FPO AE 25637",johnsonbrian@example.net,376-641-7029
2,Parker Martin,"719 Cole Land Apt. 852, Bassville, MS 58145",mitchellmegan@example.org,(951)979-3688x025
3,Steven Holland,"PSC 0232, Box 7431, APO AE 28877",dominguezcarla@example.net,001-320-718-0113x508
4,Roy Wright,"9062 Stephen Shoals Suite 441, Jeffreytown, OR 01211",omcgrath@example.net,612.486.0204x2543
5,Traci Lane,"Unit 0201 Box 1591, DPO AE 98862",williamjackson@example.com,728-481-0915x6603
6,Anthony Garcia,"169 Michael Tunnel Apt. 720, East David, WV 94618",scunningham@example.com,223-841-5237x43406
7,Sean Perry,"80422 Edward Track, North Tammieland, WI 33506",wgarcia@example.net,834-895-9353x443
8,Michael Craig,"0279 Brewer Square Apt. 766, West Crystalfurt, WV 95230",nmahoney@example.net,(459)568-9045
9,Julie Jackson,"Unit 4949 Box 3846, DPO AP 37892",billyestrada@example.org,001-776-570-0329x43865
10,Karen Bryant,"39157 Andrew Fork, Lonnieshire, VI 62003",juan47@example.com,469.832.8908
11,Lisa Daniels,"3436 Mark Underpass Suite 399, Nealmouth, MN 02200",castrodavid@example.com,(325)439-1412x4809
12,Penny Duran MD,"07051 Cowan Squares, Lake Sarahmouth, KY 96111",colleen90@example.org,421.216.9619x303
13,Christopher Johnson,"391 Timothy Pines, East Stevenview, HI 36850",adrienne12@example.org,(845)452-6889
14,Mr. Vincent Reynolds,"348 Michael Inlet Suite 665, Alexanderfurt, MS 90884",gonzalezpamela@example.org,001-274-217-0092
15,Jessica Ramirez,"973 Vincent Prairie Suite 309, East Kaitlyn, NH 84043",bbennett@example.org,709-218-8334
16,Denise Thompson,"09202 Michael Valleys Apt. 604, Saraport, PW 40240",bryantaustin@example.org,(678)591-3042x8911
17,Candace Rogers,"297 Dyer Drive Apt. 446, Timothystad, DC 84143",tonyrivera@example.org,+1-546-494-4750x9351
18,Richard Arroyo,"USCGC Perkins, FPO AA 92085",hannachristina@example.net,+1-220-865-8400x21477
19,Christina Good,"7912 Davis Locks Apt. 725, East Kathyfort, DE 45162",heatherjames@example.com,5942694372
20,Amy Glenn,"9176 Cynthia Fall, Arroyobury, VT 39125",lsmith@example.net,797.304.3639x56257
21,Brian Yu,"785 Desiree Greens Apt. 011, Thomasside, UT 82013",michelle24@example.com,(780)476-9119
22,Isabel James,"91539 Evans Ports Apt. 522, North Michellestad, AR 17352",gonzalezjohn@example.org,001-906-205-8778x752
23,James Le,"871 Carter Burgs, Maryhaven, AL 81903",geraldcampos@example.org,001-569-218-3415x975
24,Faith Henderson,"529 Bell Pines, Jenniferberg, WY 53879",michellearmstrong@example.com,(406)767-1825
25,Sherri Martin,"532 Timothy Coves Suite 482, Mariastad, OR 34054",vwoods@example.net,737-737-2539
